{"train_acc": [31.806, 52.404, 64.344, 71.826, 77.234, 81.022, 84.366, 85.944, 87.704, 88.604, 89.588, 90.646, 91.146, 91.494, 92.442, 98.258, 99.824, 99.96, 99.984, 99.996, 100.0, 100.0, 100.0, 100.0, 100.0, 100.0, 100.0, 99.998, 100.0, 100.0], "test_acc": [41.19, 59.83, 60.73, 67.38, 73.35, 77.07, 77.56, 74.67, 78.56, 70.59, 78.29, 78.43, 78.47, 78.99, 79.25, 86.89, 87.06, 87.27, 87.31, 87.22, 87.35, 87.39, 87.34, 87.43, 87.55, 87.55, 87.46, 87.36, 87.38, 87.43], "loss": [1.9772753404534382, 1.3030986180695732, 1.0023719035755947, 0.7986545680124132, 0.6475313048990791, 0.5403886004482084, 0.4533955031801063, 0.4005095898114202, 0.35717956980933313, 0.32640868539700424, 0.29804921504634113, 0.266524162896149, 0.25409275076121013, 0.24216135196826039, 0.21961735810160332, 0.06384454237397218, 0.018310350363554856, 0.009955307446739368, 0.0071399363032911365, 0.0055801850318422785, 0.0046902815591010364, 0.004158570310291465, 0.0038233748372153513, 0.0035393587885248234, 0.0033100483244728023, 0.0031082077866510663, 0.0031380902781077396, 0.0030291311876357667, 0.003034465575276319, 0.002995863718831021]}