{"train_acc": [33.856, 54.18, 66.304, 73.612, 79.238, 83.094, 85.6, 86.878, 88.476, 89.07, 77.072, 79.95, 80.81, 81.964, 82.14, 89.148, 91.522, 92.3, 93.174, 93.594, 90.502, 91.13, 92.044, 92.41, 92.8, 94.37, 95.086, 95.388, 95.386, 95.572], "test_acc": [30.42, 56.51, 62.44, 74.24, 71.43, 75.63, 72.64, 73.62, 76.65, 77.96, 79.31, 77.49, 78.4, 82.53, 80.22, 89.33, 89.69, 90.38, 90.29, 90.31, 89.27, 89.62, 89.76, 88.7, 88.88, 89.04, 90.05, 89.97, 90.87, 90.51], "loss": [1.893555903983543, 1.2562143459649342, 0.9391239503460467, 0.7383606751709033, 0.5868356330010592, 0.484274139375333, 0.41497305736822243, 0.37327360287499245, 0.3312248574269702, 0.3106538468157239, 0.6614772725440657, 0.579755661890025, 0.5549076067669617, 0.5280085442316197, 0.5196747908659298, 0.3230708500613337, 0.25283010288729996, 0.22794260913529968, 0.2041404738145716, 0.19033113941359703, 0.27575555716253, 0.2543651368421362, 0.23285215496635803, 0.22249079175541164, 0.20801125257216452, 0.16540772869916218, 0.1472322076482846, 0.13992342604395677, 0.13984259665774568, 0.13331277557003224]}