{"train_acc": [23.786, 37.756, 48.892, 57.432, 63.332, 68.172, 71.05, 73.242, 75.224, 76.14, 77.182, 78.22, 78.496, 79.382, 79.798, 87.164, 89.712, 90.89, 91.84, 92.44, 93.034, 93.504, 93.978, 94.248, 94.548, 96.126, 96.566, 96.716, 97.0, 96.954], "test_acc": [21.32, 38.07, 55.54, 65.26, 70.43, 76.36, 77.67, 76.64, 80.23, 79.34, 82.58, 81.92, 82.07, 82.06, 82.79, 89.21, 88.98, 87.84, 89.39, 90.19, 89.62, 89.0, 88.79, 89.0, 89.18, 88.71, 90.37, 90.34, 90.06, 90.44], "loss": [2.144228155045863, 1.6983103105784072, 1.4227124391614323, 1.1950415278334752, 1.0301035139566797, 0.9073926612849126, 0.8268842425797601, 0.7692646634243333, 0.7147752439884274, 0.6856350474955176, 0.6608701560198499, 0.6288279005328713, 0.6191949642375302, 0.5976866235970841, 0.5825873614881959, 0.3724597460778473, 0.29518556472895396, 0.2640262538438563, 0.2370832059770594, 0.21885095149888406, 0.20445428310376604, 0.1876071596046543, 0.17356971668465362, 0.16702149867477928, 0.16060675722558784, 0.11771324308365202, 0.10585901252639568, 0.10108399535517407, 0.0957511599506716, 0.09530604802205435]}